fasta	Name	tRNA #	Begin	End	Type	Codon	Score	Note
AM-388-A17_contigs	AM-388-A17_contigs_AM-388-A17_NODE_3 	1	35915	36012	Sup	TCA	50.8	
AM-388-A17_contigs	AM-388-A17_contigs_AM-388-A17_NODE_7 	1	52550	52479	Gln	TTG	52.7	
AM-388-A17_contigs	AM-388-A17_contigs_AM-388-A17_NODE_8 	1	17114	17190	Pro	GGG	72.8	
AM-388-A17_contigs	AM-388-A17_contigs_AM-388-A17_NODE_8 	2	30103	30190	Leu	TAA	64.8	
AM-388-A17_contigs	AM-388-A17_contigs_AM-388-A17_NODE_10	1	24314	24243	Val	GAC	70.8	
AM-388-A17_contigs	AM-388-A17_contigs_AM-388-A17_NODE_14	1	3070	2997	Pro	TGG	76.3	
AM-388-A17_contigs	AM-388-A17_contigs_AM-388-A17_NODE_28	1	13437	13523	Leu	CAG	62.5	
AM-388-A17_contigs	AM-388-A17_contigs_AM-388-A17_NODE_32	1	13310	13385	Phe	GAA	76.2	
AM-388-A17_contigs	AM-388-A17_contigs_AM-388-A17_NODE_39	1	5018	5113	Ser	CGA	73.0	
AM-388-A17_contigs	AM-388-A17_contigs_AM-388-A17_NODE_39	2	5184	5277	Ser	GGA	69.1	
AM-388-A17_contigs	AM-388-A17_contigs_AM-388-A17_NODE_39	3	1776	1704	Arg	CCG	74.8	
AM-388-A17_contigs	AM-388-A17_contigs_AM-388-A17_NODE_42	1	1862	1931	Met	CAT	43.8	
AM-388-A17_contigs	AM-388-A17_contigs_AM-388-A17_NODE_47	1	10299	10375	Met	CAT	72.9	
AM-388-A17_contigs	AM-388-A17_contigs_AM-388-A17_NODE_52	1	5346	5422	Arg	ACG	84.5	
AM-388-A17_contigs	AM-388-A17_contigs_AM-388-A17_NODE_79	1	5267	5343	Lys	TTT	84.2	
AM-388-A17_contigs	AM-388-A17_contigs_AM-388-A17_NODE_79	2	5427	5504	Glu	TTC	66.5	
AM-388-A17_contigs	AM-388-A17_contigs_AM-388-A17_NODE_83	1	1533	1461	Asn	GTT	72.1	
AM-388-A17_contigs	AM-388-A17_contigs_AM-388-A17_NODE_90	1	3470	3581	Ile	GAT	27.0	
AM-388-A17_contigs	AM-388-A17_contigs_AM-388-A17_NODE_129	1	2344	2419	Ala	GGC	71.6	
AM-388-A17_contigs	AM-388-A17_contigs_AM-388-A17_NODE_129	2	2199	2115	Leu	CAA	65.2	
AM-388-A17_contigs	AM-388-A17_contigs_AM-388-A17_NODE_199	1	157	87	Gln	CTG	54.5	
AM-388-A17_contigs	AM-388-A17_contigs_AM-388-A17_NODE_199	2	75	3	Glu	CTC	65.1	
AM-388-A20_contigs	AM-388-A20_contigs_AM-388-A20_NODE_18 	1	12005	11933	Asn	GTT	75.5	
AM-388-A20_contigs	AM-388-A20_contigs_AM-388-A20_NODE_29 	1	9747	9676	Gln	TTG	61.5	
AM-388-A20_contigs	AM-388-A20_contigs_AM-388-A20_NODE_34 	1	7385	7205	Ser	TGA	21.7	pseudo
AM-388-A20_contigs	AM-388-A20_contigs_AM-388-A20_NODE_61 	1	2649	2577	Lys	TTT	77.1	
AM-388-A20_contigs	AM-388-A20_contigs_AM-388-A20_NODE_61 	2	2332	2258	Glu	TTC	64.9	
AM-388-A15_contigs	AM-388-A15_contigs_AM-388-A15_NODE_1 	1	32250	32322	Asn	GTT	72.8	
AM-388-A15_contigs	AM-388-A15_contigs_AM-388-A15_NODE_1 	2	11720	11648	Ile	TAT	75.6	
AM-388-A15_contigs	AM-388-A15_contigs_AM-388-A15_NODE_3 	1	270	342	His	GTG	54.5	
AM-388-A15_contigs	AM-388-A15_contigs_AM-388-A15_NODE_3 	2	1330	1259	Arg	TCT	64.5	
AM-388-A15_contigs	AM-388-A15_contigs_AM-388-A15_NODE_5 	1	15513	15586	Thr	TGT	76.9	
AM-388-A15_contigs	AM-388-A15_contigs_AM-388-A15_NODE_5 	2	15667	15748	Tyr	GTA	67.5	
AM-388-A15_contigs	AM-388-A15_contigs_AM-388-A15_NODE_5 	3	16007	16113	Tyr	ATA	29.5	
AM-388-A15_contigs	AM-388-A15_contigs_AM-388-A15_NODE_5 	4	16372	16478	Tyr	ATA	29.5	
AM-388-A15_contigs	AM-388-A15_contigs_AM-388-A15_NODE_6 	1	19186	19261	Gly	TCC	64.5	
AM-388-A15_contigs	AM-388-A15_contigs_AM-388-A15_NODE_6 	2	19348	19421	Met	CAT	70.6	
AM-388-A15_contigs	AM-388-A15_contigs_AM-388-A15_NODE_6 	3	19458	19533	Met	CAT	51.8	
AM-388-A15_contigs	AM-388-A15_contigs_AM-388-A15_NODE_11	1	11018	11089	Glu	TTC	57.5	
AM-388-A15_contigs	AM-388-A15_contigs_AM-388-A15_NODE_14	1	8153	8235	Leu	TAA	65.4	
AM-388-A15_contigs	AM-388-A15_contigs_AM-388-A15_NODE_17	1	6141	6215	Thr	CGT	66.7	
AM-388-A15_contigs	AM-388-A15_contigs_AM-388-A15_NODE_17	2	9952	10022	Gln	TTG	54.0	
AM-388-A15_contigs	AM-388-A15_contigs_AM-388-A15_NODE_19	1	6702	6772	Gln	CTG	54.9	
AM-388-A15_contigs	AM-388-A15_contigs_AM-388-A15_NODE_20	1	4142	4228	Ser	GGA	72.2	
AM-388-A15_contigs	AM-388-A15_contigs_AM-388-A15_NODE_22	1	1644	1571	Asp	GTC	73.5	
AM-388-A15_contigs	AM-388-A15_contigs_AM-388-A15_NODE_23	1	8411	8483	Ala	TGC	66.9	
AM-388-A15_contigs	AM-388-A15_contigs_AM-388-A15_NODE_23	2	8570	8641	Phe	GAA	74.7	
AM-388-A15_contigs	AM-388-A15_contigs_AM-388-A15_NODE_23	3	8647	8720	Pro	TGG	73.4	
AM-388-A15_contigs	AM-388-A15_contigs_AM-388-A15_NODE_24	1	8339	8265	Cys	GCA	67.3	
AM-388-A11_contigs	AM-388-A11_contigs_AM-388-A11_NODE_1 	1	3563	3649	Leu	GAG	60.7	
AM-388-A11_contigs	AM-388-A11_contigs_AM-388-A11_NODE_3 	1	1695	1771	Arg	GCG	80.0	
AM-388-A11_contigs	AM-388-A11_contigs_AM-388-A11_NODE_3 	2	14801	14728	Arg	GCG	80.0	
AM-388-A11_contigs	AM-388-A11_contigs_AM-388-A11_NODE_3 	3	10809	10735	Glu	CTC	64.0	
AM-388-A11_contigs	AM-388-A11_contigs_AM-388-A11_NODE_3 	4	10704	10631	Val	GAC	74.1	
AM-388-A11_contigs	AM-388-A11_contigs_AM-388-A11_NODE_6 	1	13383	13459	Ala	TGC	85.5	
AM-388-A11_contigs	AM-388-A11_contigs_AM-388-A11_NODE_6 	2	13518	13593	Lys	CTT	81.7	
AM-388-A11_contigs	AM-388-A11_contigs_AM-388-A11_NODE_8 	1	2399	2491	Ser	CGA	78.4	
AM-388-A11_contigs	AM-388-A11_contigs_AM-388-A11_NODE_8 	2	2537	2612	Thr	TGT	74.1	
AM-388-A11_contigs	AM-388-A11_contigs_AM-388-A11_NODE_8 	3	2692	2776	Tyr	GTA	72.3	
AM-388-A11_contigs	AM-388-A11_contigs_AM-388-A11_NODE_8 	4	4734	4810	Met	CAT	79.6	
AM-388-A11_contigs	AM-388-A11_contigs_AM-388-A11_NODE_11	1	2964	3038	Arg	CCT	56.1	
AM-388-A11_contigs	AM-388-A11_contigs_AM-388-A11_NODE_11	2	3958	3872	Ser	GGA	71.6	
AM-388-A11_contigs	AM-388-A11_contigs_AM-388-A11_NODE_13	1	228	303	Pro	GGG	71.9	
AM-388-A11_contigs	AM-388-A11_contigs_AM-388-A11_NODE_14	1	1852	1926	Met	CAT	79.7	
AM-388-A11_contigs	AM-388-A11_contigs_AM-388-A11_NODE_16	1	2494	2421	Asp	GTC	83.3	
AM-388-A11_contigs	AM-388-A11_contigs_AM-388-A11_NODE_18	1	7972	7890	Leu	TAG	69.4	
AM-388-A11_contigs	AM-388-A11_contigs_AM-388-A11_NODE_30	1	178	107	Asn	GTT	77.5	
AM-388-A11_contigs	AM-388-A11_contigs_AM-388-A11_NODE_31	1	1278	1201	His	GTG	72.5	
AM-388-B04_contigs	AM-388-B04_contigs_AM-388-B04_NODE_1 	1	23198	23271	Ile	GAT	81.9	
AM-388-B04_contigs	AM-388-B04_contigs_AM-388-B04_NODE_1 	2	26715	26788	Ala	TGC	83.6	
AM-388-B04_contigs	AM-388-B04_contigs_AM-388-B04_NODE_1 	3	35050	35132	Leu	CAG	70.4	
AM-388-B04_contigs	AM-388-B04_contigs_AM-388-B04_NODE_1 	4	47081	47167	Ser	TGA	65.9	
AM-388-B04_contigs	AM-388-B04_contigs_AM-388-B04_NODE_1 	5	47202	47292	Ser	GCT	71.0	
AM-388-B04_contigs	AM-388-B04_contigs_AM-388-B04_NODE_1 	6	47911	47986	Arg	ACG	73.6	
AM-388-B04_contigs	AM-388-B04_contigs_AM-388-B04_NODE_1 	7	66359	66446	Ser	GGA	63.9	
AM-388-B04_contigs	AM-388-B04_contigs_AM-388-B04_NODE_1 	8	131082	131171	Ser	CGA	65.6	
AM-388-B04_contigs	AM-388-B04_contigs_AM-388-B04_NODE_2 	1	36883	36959	Met	CAT	76.0	
AM-388-B04_contigs	AM-388-B04_contigs_AM-388-B04_NODE_2 	2	50538	50610	Lys	TTT	81.2	
AM-388-B04_contigs	AM-388-B04_contigs_AM-388-B04_NODE_2 	3	57509	57583	Thr	TGT	76.9	
AM-388-B04_contigs	AM-388-B04_contigs_AM-388-B04_NODE_3 	1	54328	54413	Tyr	GTA	61.7	
AM-388-B04_contigs	AM-388-B04_contigs_AM-388-B04_NODE_3 	2	57108	57180	Thr	GGT	68.6	
AM-388-B04_contigs	AM-388-B04_contigs_AM-388-B04_NODE_3 	3	57191	57264	Met	CAT	82.0	
AM-388-B04_contigs	AM-388-B04_contigs_AM-388-B04_NODE_4 	1	42427	42501	Pro	GGG	77.0	
AM-388-B04_contigs	AM-388-B04_contigs_AM-388-B04_NODE_5 	1	48778	48696	Leu	GAG	57.0	
AM-388-B04_contigs	AM-388-B04_contigs_AM-388-B04_NODE_6 	1	16415	16487	Val	CAC	63.6	
AM-388-B04_contigs	AM-388-B04_contigs_AM-388-B04_NODE_13	1	2475	2404	Thr	CGT	74.5	
AM-388-B04_contigs	AM-388-B04_contigs_AM-388-B04_NODE_16	1	4558	4486	Gly	CCC	75.9	
AM-388-A10_contigs	AM-388-A10_contigs_AM-388-A10_NODE_1 	1	26386	26480	Val	CAC	51.4	
AM-388-A10_contigs	AM-388-A10_contigs_AM-388-A10_NODE_1 	2	35330	35403	Thr	TGT	68.3	
AM-388-A10_contigs	AM-388-A10_contigs_AM-388-A10_NODE_2 	1	18050	18128	Glu	TTC	67.6	
AM-388-A10_contigs	AM-388-A10_contigs_AM-388-A10_NODE_2 	2	17296	17223	Met	CAT	66.2	
AM-388-A10_contigs	AM-388-A10_contigs_AM-388-A10_NODE_2 	3	2809	2736	His	GTG	57.5	
AM-388-A10_contigs	AM-388-A10_contigs_AM-388-A10_NODE_5 	1	11817	11903	Ser	GCT	63.4	
AM-388-A10_contigs	AM-388-A10_contigs_AM-388-A10_NODE_11	1	5366	5292	Glu	CTC	69.8	
AM-388-A10_contigs	AM-388-A10_contigs_AM-388-A10_NODE_39	1	637	711	Arg	GCG	65.2	
AM-388-A01_contigs	AM-388-A01_contigs_AM-388-A01_NODE_3 	1	14486	14374	Leu	TAG	55.3	
AM-388-A01_contigs	AM-388-A01_contigs_AM-388-A01_NODE_3 	2	3195	3082	Leu	TAA	63.0	
AM-388-A01_contigs	AM-388-A01_contigs_AM-388-A01_NODE_3 	3	1930	1782	Glu	TTC	52.0	
AM-388-A01_contigs	AM-388-A01_contigs_AM-388-A01_NODE_8 	1	1605	1708	Arg	TCG	53.5	
AM-388-A01_contigs	AM-388-A01_contigs_AM-388-A01_NODE_8 	2	8318	8466	Undet	NNN	29.6	
AM-388-A01_contigs	AM-388-A01_contigs_AM-388-A01_NODE_8 	3	10048	10202	Tyr	GTA	47.6	
AM-388-A01_contigs	AM-388-A01_contigs_AM-388-A01_NODE_8 	4	13948	14066	Asp	GTC	46.0	
AM-388-A01_contigs	AM-388-A01_contigs_AM-388-A01_NODE_8 	5	14080	14208	Lys	TTT	75.0	
AM-388-A01_contigs	AM-388-A01_contigs_AM-388-A01_NODE_12	1	4031	4137	Phe	GAA	47.8	
AM-388-A01_contigs	AM-388-A01_contigs_AM-388-A01_NODE_15	1	1523	1451	Arg	GCG	49.7	
AM-388-A01_contigs	AM-388-A01_contigs_AM-388-A01_NODE_21	1	1343	1427	Gly	CCC	52.2	
AM-388-A01_contigs	AM-388-A01_contigs_AM-388-A01_NODE_21	2	6016	5878	Leu	CAA	55.9	
AM-388-A01_contigs	AM-388-A01_contigs_AM-388-A01_NODE_27	1	4256	4185	Gly	TCC	72.0	
AM-388-A01_contigs	AM-388-A01_contigs_AM-388-A01_NODE_28	1	5986	6092	Val	GAC	62.1	
AM-388-A01_contigs	AM-388-A01_contigs_AM-388-A01_NODE_31	1	3761	3665	Ala	GGC	61.5	
AM-388-A01_contigs	AM-388-A01_contigs_AM-388-A01_NODE_44	1	3315	3387	Gln	TTG	57.4	
AM-388-A01_contigs	AM-388-A01_contigs_AM-388-A01_NODE_54	1	754	679	Cys	GCA	64.6	
AM-388-B05_contigs	AM-388-B05_contigs_AM-388-B05_NODE_3 	1	5642	5570	Gly	GCC	79.3	
AM-388-B05_contigs	AM-388-B05_contigs_AM-388-B05_NODE_3 	2	5511	5427	Leu	TAA	67.9	
AM-388-B05_contigs	AM-388-B05_contigs_AM-388-B05_NODE_12	1	21900	21973	Glu	TTC	59.5	
AM-388-B05_contigs	AM-388-B05_contigs_AM-388-B05_NODE_12	2	22043	22116	Glu	TTC	59.5	
AM-388-B05_contigs	AM-388-B05_contigs_AM-388-B05_NODE_12	3	2130	2057	Asp	GTC	77.0	
AM-388-B05_contigs	AM-388-B05_contigs_AM-388-B05_NODE_13	1	22074	22147	Pro	GGG	74.9	
AM-388-B05_contigs	AM-388-B05_contigs_AM-388-B05_NODE_35	1	12178	12104	Pro	TGG	82.3	
AM-388-B05_contigs	AM-388-B05_contigs_AM-388-B05_NODE_43	1	11355	11427	Phe	GAA	80.2	
AM-388-B05_contigs	AM-388-B05_contigs_AM-388-B05_NODE_117	1	371	452	Tyr	GTA	69.9	
AM-388-B03_contigs	AM-388-B03_contigs_AM-388-B03_NODE_1 	1	10274	10201	Thr	TGT	68.3	
AM-388-B03_contigs	AM-388-B03_contigs_AM-388-B03_NODE_2 	1	891	965	Met	CAT	62.7	
AM-388-B03_contigs	AM-388-B03_contigs_AM-388-B03_NODE_3 	1	7509	7435	Arg	GCG	65.2	
AM-388-B03_contigs	AM-388-B03_contigs_AM-388-B03_NODE_4 	1	8715	8809	Val	CAC	51.4	
AM-388-B03_contigs	AM-388-B03_contigs_AM-388-B03_NODE_7 	1	2123	2197	Val	TAC	64.4	
AM-388-B03_contigs	AM-388-B03_contigs_AM-388-B03_NODE_12	1	10342	10416	Ile	GAT	75.5	
AM-388-B03_contigs	AM-388-B03_contigs_AM-388-B03_NODE_12	2	9673	9600	Ala	TGC	66.9	
AM-388-B03_contigs	AM-388-B03_contigs_AM-388-B03_NODE_18	1	1589	1662	Val	GAC	63.7	
AM-388-B03_contigs	AM-388-B03_contigs_AM-388-B03_NODE_18	2	784	710	Arg	CCT	57.6	
AM-388-B03_contigs	AM-388-B03_contigs_AM-388-B03_NODE_25	1	2975	3061	Ser	GCT	63.4	
AM-388-B03_contigs	AM-388-B03_contigs_AM-388-B03_NODE_32	1	4537	4610	Phe	GAA	64.9	
AM-388-B03_contigs	AM-388-B03_contigs_AM-388-B03_NODE_34	1	4838	4765	Lys	CTT	72.1	
AM-388-B03_contigs	AM-388-B03_contigs_AM-388-B03_NODE_48	1	1829	1907	Glu	TTC	67.6	
AM-388-B03_contigs	AM-388-B03_contigs_AM-388-B03_NODE_48	2	1075	1002	Met	CAT	66.2	
AM-388-B03_contigs	AM-388-B03_contigs_AM-388-B03_NODE_50	1	3528	3609	Ser	CGA	66.6	
AM-388-B03_contigs	AM-388-B03_contigs_AM-388-B03_NODE_61	1	517	593	Pro	TGG	64.4	
AM-388-B10_contigs	AM-388-B10_contigs_AM-388-B10_NODE_2 	1	12169	12253	Leu	TAG	67.7	
AM-388-B10_contigs	AM-388-B10_contigs_AM-388-B10_NODE_4 	1	13767	13694	Arg	CCG	74.0	
AM-388-B10_contigs	AM-388-B10_contigs_AM-388-B10_NODE_5 	1	6169	6242	Ser	CGA	31.2	pseudo
AM-388-B10_contigs	AM-388-B10_contigs_AM-388-B10_NODE_15	1	6144	6219	Ala	GGC	65.4	
AM-388-B10_contigs	AM-388-B10_contigs_AM-388-B10_NODE_15	2	6239	6313	Glu	TTC	43.4	
AM-388-B10_contigs	AM-388-B10_contigs_AM-388-B10_NODE_15	3	6575	6652	Glu	TTC	48.9	
